-- Adminer 4.8.1 MySQL 8.0.30 dump

SET NAMES utf8;
SET time_zone = '+00:00';
SET foreign_key_checks = 0;
SET sql_mode = 'NO_AUTO_VALUE_ON_ZERO';

SET NAMES utf8mb4;

DROP TABLE IF EXISTS `sch_list_akses`;
CREATE TABLE `sch_list_akses` (
  `id` int NOT NULL AUTO_INCREMENT,
  `app` varchar(50) NOT NULL,
  `nama_app` varchar(100) CHARACTER SET utf8mb4 COLLATE utf8mb4_0900_ai_ci NOT NULL,
  `created_at` datetime DEFAULT NULL,
  `updated_at` datetime DEFAULT NULL,
  `created_by` int DEFAULT NULL,
  PRIMARY KEY (`id`)
) ENGINE=InnoDB DEFAULT CHARSET=utf8mb4 COLLATE=utf8mb4_0900_ai_ci;

INSERT INTO `sch_list_akses` (`id`, `app`, `nama_app`, `created_at`, `updated_at`, `created_by`) VALUES
(6,	'psb',	'Penerimaan Santri Baru',	'2024-11-08 16:03:41',	'2024-11-08 16:03:41',	0),
(7,	'iqab',	'Data Iqab Santri',	'2024-11-08 16:03:41',	'2024-11-08 16:03:41',	0),
(8,	'library',	'Perpustkaan Digital',	'2024-11-08 16:03:41',	'2024-11-08 16:03:41',	0),
(9,	'user',	'Manajemen Pengguna',	'2024-11-09 12:01:23',	'2024-11-09 12:01:23',	1),
(10,	'saving',	'Tabungan Santri',	'2024-11-14 08:02:19',	NULL,	NULL);

DROP TABLE IF EXISTS `sch_pengguna`;
CREATE TABLE `sch_pengguna` (
  `id` int NOT NULL AUTO_INCREMENT,
  `username` varchar(20) NOT NULL,
  `password` varchar(200) NOT NULL,
  `email` varchar(50) NOT NULL,
  `nama` varchar(50) NOT NULL,
  `unit` varchar(100) CHARACTER SET utf8mb3 COLLATE utf8mb3_general_ci NOT NULL,
  `role` varchar(50) CHARACTER SET utf8mb3 COLLATE utf8mb3_general_ci NOT NULL,
  `vertical` enum('0','1') CHARACTER SET utf8mb3 COLLATE utf8mb3_general_ci DEFAULT '1',
  `created_at` datetime DEFAULT NULL,
  `updated_at` datetime DEFAULT NULL,
  `created_by` int NOT NULL,
  PRIMARY KEY (`id`)
) ENGINE=InnoDB DEFAULT CHARSET=utf8mb3;

INSERT INTO `sch_pengguna` (`id`, `username`, `password`, `email`, `nama`, `unit`, `role`, `vertical`, `created_at`, `updated_at`, `created_by`) VALUES
(1,	'admin',	'4f19ecc280c47d1d7ee7b581f764c9d7',	'adi.sabwa.i@gmail.com',	'Administrator',	'Pondok Darul Arqom',	'admin',	'1',	'2024-09-21 14:38:11',	'2024-11-13 01:22:36',	1),
(2,	'perpus',	'23bfcee1c3023b2677bc60509a17c778',	'adi.sabwa.i@gmail.com',	'Perpustakaan',	'MTs Muhammadiyah 2 Patean',	'admin',	'1',	'2024-11-08 02:52:03',	'2024-11-09 04:08:28',	1);

DROP TABLE IF EXISTS `sch_pengguna_akses`;
CREATE TABLE `sch_pengguna_akses` (
  `id` int NOT NULL AUTO_INCREMENT,
  `id_pengguna` int NOT NULL,
  `id_akses` int NOT NULL,
  `created_at` datetime NOT NULL,
  `updated_at` datetime NOT NULL,
  `created_by` int NOT NULL,
  PRIMARY KEY (`id`),
  KEY `id_pengguna` (`id_pengguna`),
  KEY `id_akses` (`id_akses`),
  CONSTRAINT `sch_pengguna_akses_ibfk_2` FOREIGN KEY (`id_pengguna`) REFERENCES `sch_pengguna` (`id`) ON DELETE RESTRICT ON UPDATE CASCADE,
  CONSTRAINT `sch_pengguna_akses_ibfk_4` FOREIGN KEY (`id_akses`) REFERENCES `sch_list_akses` (`id`) ON DELETE RESTRICT ON UPDATE CASCADE
) ENGINE=InnoDB DEFAULT CHARSET=utf8mb4 COLLATE=utf8mb4_0900_ai_ci;

INSERT INTO `sch_pengguna_akses` (`id`, `id_pengguna`, `id_akses`, `created_at`, `updated_at`, `created_by`) VALUES
(3,	2,	8,	'2024-11-09 04:08:28',	'2024-11-09 04:08:28',	0),
(4,	1,	8,	'2024-11-09 04:08:43',	'2024-11-09 04:08:43',	0),
(5,	1,	7,	'2024-11-09 04:08:43',	'2024-11-09 04:08:43',	0),
(6,	1,	6,	'2024-11-09 04:08:43',	'2024-11-09 04:08:43',	0),
(7,	1,	9,	'2024-11-09 04:08:43',	'2024-11-09 04:08:43',	0),
(9,	1,	10,	'2024-11-09 04:08:43',	'2024-11-09 04:08:43',	0);

DROP TABLE IF EXISTS `sch_penghasilan`;
CREATE TABLE `sch_penghasilan` (
  `id` int NOT NULL AUTO_INCREMENT,
  `label` varchar(50) NOT NULL,
  `dari` int NOT NULL,
  `hingga` int NOT NULL,
  `created_at` datetime DEFAULT NULL,
  `updated_at` datetime DEFAULT NULL,
  `created_by` datetime DEFAULT NULL,
  PRIMARY KEY (`id`)
) ENGINE=InnoDB DEFAULT CHARSET=utf8mb3;

INSERT INTO `sch_penghasilan` (`id`, `label`, `dari`, `hingga`, `created_at`, `updated_at`, `created_by`) VALUES
(1,	'Gol. 1',	1000000,	200000,	NULL,	'2024-10-02 15:34:45',	'0000-00-00 00:00:00'),
(2,	'Gol. 2',	1000000,	2000000,	NULL,	'2024-09-29 14:36:19',	'0000-00-00 00:00:00'),
(4,	'',	1000000,	200000,	'2024-09-28 03:26:05',	'2024-09-28 16:53:38',	'0000-00-00 00:00:00');

DROP TABLE IF EXISTS `sch_psb`;
CREATE TABLE `sch_psb` (
  `id` int NOT NULL AUTO_INCREMENT,
  `no_pendaftaran` varchar(20) DEFAULT NULL,
  `status` enum('0','1','2','-1') CHARACTER SET utf8mb3 COLLATE utf8mb3_general_ci NOT NULL DEFAULT '0' COMMENT '0: terdaftar, 1: terverifikasi, 2: sudah selesai -1: ditolak',
  `nama` varchar(100) NOT NULL,
  `nisn` varchar(15) NOT NULL,
  `induk_sekolah` varchar(25) NOT NULL,
  `gender` enum('laki-laki','perempuan') NOT NULL DEFAULT 'laki-laki',
  `tempat_lahir` varchar(15) NOT NULL,
  `tanggal_lahir` date NOT NULL,
  `agama` varchar(7) NOT NULL DEFAULT 'Islam',
  `alamat` varchar(200) NOT NULL,
  `telepon` varchar(15) NOT NULL,
  `kewarganegaraan` varchar(15) NOT NULL DEFAULT 'Indonesia',
  `anak` int NOT NULL DEFAULT '1',
  `saudara_kandung` int NOT NULL DEFAULT '0',
  `saudara_tiri` int NOT NULL DEFAULT '0',
  `saudara_angkat` int NOT NULL DEFAULT '0',
  `status_ortu` enum('lengkap','yatim','piatu','yatim-piatu') NOT NULL DEFAULT 'lengkap',
  `tinggal` varchar(20) NOT NULL,
  `tamat_sekolah` varchar(30) NOT NULL,
  `pindah_sekolah` varchar(30) NOT NULL,
  `masuk_kelas` int NOT NULL,
  `gol_darah` enum('A','B','AB','o') NOT NULL,
  `penyakit` varchar(200) NOT NULL,
  `kelainan_fisik` varchar(100) NOT NULL,
  `hobi_organisasi` varchar(20) NOT NULL,
  `hobi_olahraga` varchar(20) NOT NULL,
  `hobi_lain` varchar(40) NOT NULL,
  `ayah_nama` varchar(20) NOT NULL,
  `ayah_nik` varchar(30) NOT NULL,
  `ayah_tempat_lahir` varchar(15) NOT NULL,
  `ayah_tanggal_lahir` date NOT NULL,
  `ayah_agama` varchar(8) NOT NULL DEFAULT 'Islam',
  `ayah_kewarganegaraan` varchar(12) NOT NULL DEFAULT 'Indonesia',
  `ayah_hidup` enum('hidup','meninggal') NOT NULL DEFAULT 'hidup',
  `ayah_alamat` varchar(200) NOT NULL,
  `ayah_telepon` varchar(15) NOT NULL,
  `ayah_pendidikan` varchar(10) NOT NULL,
  `ayah_pekerjaan` varchar(15) NOT NULL,
  `ayah_penghasilan` varchar(50) NOT NULL,
  `ibu_nama` varchar(20) NOT NULL,
  `ibu_nik` varchar(30) NOT NULL,
  `ibu_tempat_lahir` varchar(15) NOT NULL,
  `ibu_tanggal_lahir` date NOT NULL,
  `ibu_agama` varchar(8) NOT NULL DEFAULT 'Islam',
  `ibu_kewarganegaraan` varchar(12) NOT NULL DEFAULT 'Indonesia',
  `ibu_hidup` enum('hidup','meninggal') NOT NULL DEFAULT 'hidup',
  `ibu_alamat` varchar(200) NOT NULL,
  `ibu_telepon` varchar(15) NOT NULL,
  `ibu_pendidikan` varchar(10) NOT NULL,
  `ibu_pekerjaan` varchar(15) NOT NULL,
  `ibu_penghasilan` varchar(50) NOT NULL,
  `wali_nama` varchar(20) NOT NULL,
  `wali_nik` varchar(30) NOT NULL,
  `wali_tempat_lahir` varchar(15) NOT NULL,
  `wali_tanggal_lahir` date NOT NULL,
  `wali_agama` varchar(8) NOT NULL DEFAULT 'Islam',
  `wali_kewarganegaraan` varchar(12) NOT NULL DEFAULT 'Indonesia',
  `wali_hidup` enum('hidup','meninggal') NOT NULL DEFAULT 'hidup',
  `wali_alamat` varchar(200) NOT NULL,
  `wali_telepon` varchar(15) NOT NULL,
  `wali_pendidikan` varchar(10) NOT NULL,
  `wali_pekerjaan` varchar(15) NOT NULL,
  `wali_penghasilan` varchar(50) NOT NULL,
  `wali_hubungan` varchar(15) NOT NULL,
  `akta_lahir` varchar(200) NOT NULL,
  `kk` varchar(200) NOT NULL,
  `raport_terakhir` varchar(200) NOT NULL,
  `surat_rekomendasi` varchar(200) CHARACTER SET utf8mb3 COLLATE utf8mb3_general_ci NOT NULL,
  `surat_kematian` varchar(200) CHARACTER SET utf8mb3 COLLATE utf8mb3_general_ci NOT NULL,
  `pembayaran` varchar(200) CHARACTER SET utf8mb3 COLLATE utf8mb3_general_ci NOT NULL,
  `foto` varchar(200) CHARACTER SET utf8mb3 COLLATE utf8mb3_general_ci NOT NULL,
  `created_at` datetime DEFAULT NULL,
  `created_by` int DEFAULT NULL,
  `updated_at` datetime DEFAULT NULL,
  `updated_by` int DEFAULT NULL,
  PRIMARY KEY (`id`)
) ENGINE=InnoDB DEFAULT CHARSET=utf8mb3;

INSERT INTO `sch_psb` (`id`, `no_pendaftaran`, `status`, `nama`, `nisn`, `induk_sekolah`, `gender`, `tempat_lahir`, `tanggal_lahir`, `agama`, `alamat`, `telepon`, `kewarganegaraan`, `anak`, `saudara_kandung`, `saudara_tiri`, `saudara_angkat`, `status_ortu`, `tinggal`, `tamat_sekolah`, `pindah_sekolah`, `masuk_kelas`, `gol_darah`, `penyakit`, `kelainan_fisik`, `hobi_organisasi`, `hobi_olahraga`, `hobi_lain`, `ayah_nama`, `ayah_nik`, `ayah_tempat_lahir`, `ayah_tanggal_lahir`, `ayah_agama`, `ayah_kewarganegaraan`, `ayah_hidup`, `ayah_alamat`, `ayah_telepon`, `ayah_pendidikan`, `ayah_pekerjaan`, `ayah_penghasilan`, `ibu_nama`, `ibu_nik`, `ibu_tempat_lahir`, `ibu_tanggal_lahir`, `ibu_agama`, `ibu_kewarganegaraan`, `ibu_hidup`, `ibu_alamat`, `ibu_telepon`, `ibu_pendidikan`, `ibu_pekerjaan`, `ibu_penghasilan`, `wali_nama`, `wali_nik`, `wali_tempat_lahir`, `wali_tanggal_lahir`, `wali_agama`, `wali_kewarganegaraan`, `wali_hidup`, `wali_alamat`, `wali_telepon`, `wali_pendidikan`, `wali_pekerjaan`, `wali_penghasilan`, `wali_hubungan`, `akta_lahir`, `kk`, `raport_terakhir`, `surat_rekomendasi`, `surat_kematian`, `pembayaran`, `foto`, `created_at`, `created_by`, `updated_at`, `updated_by`) VALUES
(8,	'PPMDA0004',	'1',	'AABBB',	'12345',	'124125',	'laki-laki',	'SSS',	'2024-09-21',	'Islam',	'RT 01/01 Pagersari Patean Kendal',	'085799441371',	'Indonesia',	1,	0,	0,	0,	'lengkap',	'SSS',	'',	'',	1,	'A',	'',	'',	'',	'',	'',	'',	'',	'',	'2024-09-21',	'Islam',	'Indonesia',	'hidup',	'',	'',	'',	'',	'',	'',	'',	'',	'2024-09-21',	'Islam',	'Indonesia',	'hidup',	'',	'',	'',	'',	'',	'',	'',	'',	'2024-09-21',	'Islam',	'Indonesia',	'hidup',	'',	'',	'',	'',	'',	'',	'',	'http://ppmda.test/get-files?file=uploads%2Fpsb%2F1727189576_50c4be07abf4aa0f0dac.jpg',	'',	'',	'',	'',	'http://ppmda.test/get-files?file=uploads%2Fpsb%2F1727189279_c4da1c8418992c909b0c.jpg',	'2024-09-21 00:00:00',	NULL,	'2024-10-03 06:54:30',	NULL),
(10,	'PPMDA0003',	'2',	'AA',	'12345',	'',	'laki-laki',	'',	'2024-09-21',	'Islam',	'',	'',	'Indonesia',	1,	0,	0,	0,	'lengkap',	'',	'',	'',	1,	'A',	'',	'',	'',	'',	'',	'',	'',	'',	'2024-09-21',	'Islam',	'Indonesia',	'hidup',	'',	'',	'',	'',	'',	'',	'',	'',	'2024-09-21',	'Islam',	'Indonesia',	'hidup',	'',	'',	'',	'',	'',	'',	'',	'',	'2024-09-21',	'Islam',	'Indonesia',	'hidup',	'',	'',	'',	'',	'',	'',	'',	'',	'',	'',	'',	'',	'',	'2024-09-21 00:00:00',	NULL,	'2024-10-03 05:51:27',	NULL),
(11,	'PPMDA0002',	'2',	'AA',	'12345',	'',	'laki-laki',	'',	'2024-09-21',	'Islam',	'',	'',	'Indonesia',	1,	0,	0,	0,	'lengkap',	'',	'',	'',	1,	'A',	'',	'',	'',	'',	'',	'',	'',	'',	'2024-09-21',	'Islam',	'Indonesia',	'hidup',	'',	'',	'',	'',	'',	'',	'',	'',	'2024-09-21',	'Islam',	'Indonesia',	'hidup',	'',	'',	'',	'',	'',	'',	'',	'',	'2024-09-21',	'Islam',	'Indonesia',	'hidup',	'',	'',	'',	'',	'',	'',	'',	'',	'',	'',	'',	'',	'',	'2024-09-21 00:00:00',	NULL,	'2024-10-03 05:49:50',	NULL),
(12,	NULL,	'1',	'AA',	'12345',	'',	'laki-laki',	'',	'2024-09-21',	'Islam',	'',	'',	'Indonesia',	1,	0,	0,	0,	'lengkap',	'',	'',	'',	1,	'A',	'',	'',	'',	'',	'',	'',	'',	'',	'2024-09-21',	'Islam',	'Indonesia',	'hidup',	'',	'',	'',	'',	'',	'',	'',	'',	'2024-09-21',	'Islam',	'Indonesia',	'hidup',	'',	'',	'',	'',	'',	'',	'',	'',	'2024-09-21',	'Islam',	'Indonesia',	'hidup',	'',	'',	'',	'',	'',	'',	'',	'',	'',	'',	'',	'',	'',	'2024-09-21 00:00:00',	NULL,	NULL,	NULL),
(13,	NULL,	'1',	'AA',	'12345',	'',	'laki-laki',	'',	'2024-09-21',	'Islam',	'',	'',	'Indonesia',	1,	0,	0,	0,	'lengkap',	'',	'',	'',	1,	'A',	'',	'',	'',	'',	'',	'',	'',	'',	'2024-09-21',	'Islam',	'Indonesia',	'hidup',	'',	'',	'',	'',	'',	'',	'',	'',	'2024-09-21',	'Islam',	'Indonesia',	'hidup',	'',	'',	'',	'',	'',	'',	'',	'',	'2024-09-21',	'Islam',	'Indonesia',	'hidup',	'',	'',	'',	'',	'',	'',	'',	'',	'',	'',	'',	'',	'',	'2024-09-21 00:00:00',	NULL,	'2024-09-24 02:18:34',	NULL),
(15,	'PPMDA0001',	'2',	'AA',	'12345',	'',	'laki-laki',	'',	'2024-09-21',	'Islam',	'',	'',	'Indonesia',	1,	0,	0,	0,	'lengkap',	'',	'',	'',	1,	'A',	'',	'',	'',	'',	'',	'',	'',	'',	'2024-09-21',	'Islam',	'Indonesia',	'hidup',	'',	'',	'',	'',	'',	'',	'',	'',	'2024-09-21',	'Islam',	'Indonesia',	'hidup',	'',	'',	'',	'',	'',	'',	'',	'',	'2024-09-21',	'Islam',	'Indonesia',	'hidup',	'',	'',	'',	'',	'',	'',	'',	'',	'',	'',	'',	'',	'',	'2024-09-21 00:00:00',	NULL,	'2024-09-24 14:39:27',	NULL);

DROP TABLE IF EXISTS `sch_santri`;
CREATE TABLE `sch_santri` (
  `id` int NOT NULL AUTO_INCREMENT,
  `nama` varchar(200) CHARACTER SET utf8mb4 COLLATE utf8mb4_general_ci NOT NULL,
  `tingkat` tinyint NOT NULL DEFAULT '1',
  `kelas` varchar(3) CHARACTER SET utf8mb4 COLLATE utf8mb4_general_ci NOT NULL DEFAULT '1A',
  `status` enum('0','1','-1') CHARACTER SET utf8mb4 COLLATE utf8mb4_general_ci NOT NULL DEFAULT '0',
  `foto` varchar(200) CHARACTER SET utf8mb4 COLLATE utf8mb4_general_ci NOT NULL,
  `created_at` datetime DEFAULT NULL ON UPDATE CURRENT_TIMESTAMP,
  `updated_at` datetime DEFAULT NULL ON UPDATE CURRENT_TIMESTAMP,
  `created_by` datetime DEFAULT NULL,
  PRIMARY KEY (`id`)
) ENGINE=InnoDB DEFAULT CHARSET=utf8mb4 COLLATE=utf8mb4_general_ci;

INSERT INTO `sch_santri` (`id`, `nama`, `tingkat`, `kelas`, `status`, `foto`, `created_at`, `updated_at`, `created_by`) VALUES
(1494,	'ABDULLAH RIDHO ALFASSALAM',	2,	'2A',	'0',	'http://ppmda.test/get-files?file=uploads%2Fsantri/1731422797_b137b47e9e235c495646.jpg',	'2024-11-12 21:46:37',	'2024-11-12 14:46:37',	'0000-00-00 00:00:00'),
(1495,	'ABIMANYU NAUFAL ADHI',	2,	'2A',	'0',	'http://ppmda.test/get-files?file=uploads%2Fsantri/1731420964_47cbfa88b259342947c5.png',	'2024-11-12 21:16:04',	'2024-11-12 14:16:04',	'0000-00-00 00:00:00'),
(1496,	'AHMAD NABIL  MUZAKI',	2,	'2A',	'0',	'http://ppmda.test/get-files?file=uploads%2Fsantri/1731420697_ba385a15e80d52e823aa.png',	'2024-11-12 21:11:37',	'2024-11-12 14:11:37',	'0000-00-00 00:00:00'),
(1497,	'ALDITYA ARSA MAHARDIKA',	2,	'2A',	'0',	'',	'2024-07-22 13:50:20',	NULL,	NULL),
(1498,	'ALIF FAIZ ATMAJA',	2,	'2A',	'0',	'',	'2024-07-22 13:50:20',	NULL,	NULL),
(1499,	'ARVAD KEYNE MUHAMMAD AL FARUQ',	2,	'2A',	'0',	'',	'2024-07-22 13:50:20',	NULL,	NULL),
(1500,	'AZKADIAZ PUTRA SATRIYO',	2,	'2A',	'0',	'',	'2024-07-22 13:50:20',	NULL,	NULL),
(1501,	'FARAND AUFA IBNU LUQ',	2,	'2A',	'0',	'',	'2024-07-22 13:50:20',	NULL,	NULL),
(1502,	'FAREL SETIAWAN',	2,	'2A',	'0',	'',	'2024-07-22 13:50:20',	NULL,	NULL),
(1503,	'FATHANO MOUSA BASUNJAYA',	2,	'2A',	'0',	'',	'2024-07-22 13:50:20',	NULL,	NULL),
(1504,	'FATIR AIRIL GIBRAN',	2,	'2A',	'0',	'',	'2024-07-22 13:50:20',	NULL,	NULL),
(1505,	'GHIFARY RAWLINS RAMADAN',	2,	'2A',	'0',	'',	'2024-07-22 13:50:20',	NULL,	NULL),
(1506,	'HAFIZH YOZA ELFREDA',	2,	'2A',	'0',	'',	'2024-07-22 13:50:20',	NULL,	NULL),
(1507,	'HAMID FAQIHUDIN',	2,	'2A',	'0',	'',	'2024-07-22 13:50:20',	NULL,	NULL),
(1508,	'KEVIN INDRAFATA',	2,	'2A',	'0',	'',	'2024-07-22 13:50:20',	NULL,	NULL),
(1509,	'M LATIEF IMAM AL FARHAN',	2,	'2A',	'0',	'',	'2024-07-22 13:50:20',	NULL,	NULL),
(1510,	'MIRZA DZAKY KINANDRA',	2,	'2A',	'0',	'',	'2024-07-22 13:50:20',	NULL,	NULL),
(1511,	'MOCHAMAD AFIF NURSANDI',	2,	'2A',	'0',	'',	'2024-07-22 13:50:20',	NULL,	NULL),
(1512,	'MU\'AFA ATHA TSANYAN',	2,	'2A',	'0',	'',	'2024-07-22 13:50:20',	NULL,	NULL),
(1513,	'MUHAMMAD DHABIT NIRWASITA',	2,	'2A',	'0',	'',	'2024-07-22 13:50:20',	NULL,	NULL),
(1514,	'MUHAMMAD FATIR AL KHAQ',	2,	'2A',	'0',	'',	'2024-07-22 13:50:20',	NULL,	NULL),
(1515,	'MUHAMMAD JA\'FAR SHALIH',	2,	'2A',	'0',	'',	'2024-07-22 13:50:20',	NULL,	NULL),
(1516,	'MUHAMMAD WILDAN ANNAAFI',	2,	'2A',	'0',	'',	'2024-07-22 13:50:20',	NULL,	NULL),
(1517,	'MUHAMMAD ZHARFAN WIBOWO',	2,	'2A',	'0',	'',	'2024-07-22 13:50:20',	NULL,	NULL),
(1518,	'RAIHAN NAZHIR AZHAR',	2,	'2A',	'0',	'',	'2024-07-22 13:50:20',	NULL,	NULL),
(1519,	'RIKZA NAFIHSAN NASRULLAH',	2,	'2A',	'0',	'',	'2024-07-22 13:50:20',	NULL,	NULL),
(1520,	'SANNI APRILLIO ERA WIJAKSONO',	2,	'2A',	'0',	'',	'2024-07-22 13:50:20',	NULL,	NULL),
(1521,	'WIDAD NABHAN AL FARIZI',	2,	'2A',	'0',	'',	'2024-07-22 13:50:20',	NULL,	NULL),
(1522,	'WILDAN ARKAN AL HISYAM',	2,	'2A',	'0',	'',	'2024-07-22 13:50:20',	NULL,	NULL),
(1523,	'WISHAL RAKHA ALDINA',	2,	'2A',	'0',	'',	'2024-07-22 13:50:20',	NULL,	NULL),
(1524,	'ZAKI AHNAF',	2,	'2A',	'0',	'',	'2024-07-22 13:50:20',	NULL,	NULL),
(1525,	'ADIBDA FANNA FAIHA',	2,	'2B',	'0',	'',	'2024-07-22 13:50:20',	NULL,	NULL),
(1526,	'ADILA RIZKI RAMADHANI',	2,	'2B',	'0',	'',	'2024-07-22 13:50:20',	NULL,	NULL),
(1527,	'AHMAD BRILLIYAN ARROSYID',	2,	'2B',	'0',	'',	'2024-07-22 13:50:20',	NULL,	NULL),
(1528,	'AHMADINEJAD EAST',	2,	'2B',	'0',	'',	'2024-07-22 13:50:20',	NULL,	NULL),
(1529,	'AQILA RASYIF FAZA',	2,	'2B',	'0',	'',	'2024-07-22 13:50:20',	NULL,	NULL),
(1530,	'ARZA OKTA YUSTISIO',	2,	'2B',	'0',	'',	'2024-07-22 13:50:20',	NULL,	NULL),
(1531,	'DAMARJATI TETEG WICAKSONO',	2,	'2B',	'0',	'',	'2024-07-22 13:50:20',	NULL,	NULL),
(1532,	'DANISH HABIBURRAHMAN',	2,	'2B',	'0',	'',	'2024-07-22 13:50:20',	NULL,	NULL),
(1533,	'EGA AMIR DZAKWAN',	2,	'2B',	'0',	'',	'2024-07-22 13:50:20',	NULL,	NULL),
(1534,	'FAIZA KAKA DIRGANTARA',	2,	'2B',	'0',	'',	'2024-07-22 13:50:20',	NULL,	NULL),
(1535,	'FARIS MUHAMMAD ALTAF',	2,	'2B',	'0',	'',	'2024-07-22 13:50:20',	NULL,	NULL),
(1536,	'FIKRI DANIAL WAFIQ',	2,	'2B',	'0',	'',	'2024-07-22 13:50:20',	NULL,	NULL),
(1537,	'HAIDHY ARDHA FATTA YUDIANTO PUTRA',	2,	'2B',	'0',	'',	'2024-07-22 13:50:20',	NULL,	NULL),
(1538,	'HANDIKA PUJI KURNIAWAN',	2,	'2B',	'0',	'',	'2024-07-22 13:50:20',	NULL,	NULL),
(1539,	'HARITS AMANULLAH',	2,	'2B',	'0',	'',	'2024-07-22 13:50:20',	NULL,	NULL),
(1540,	'IBRAHIM ABDUSSALAM',	2,	'2B',	'0',	'',	'2024-07-22 13:50:20',	NULL,	NULL),
(1541,	'IBRAHIM AIDIL SADEWA',	2,	'2B',	'0',	'',	'2024-07-22 13:50:20',	NULL,	NULL),
(1542,	'M SYARIF HIDAYATULLAH',	2,	'2B',	'0',	'',	'2024-07-22 13:50:20',	NULL,	NULL),
(1543,	'MUHAMMAD ARKA\'AN DAFFA',	2,	'2B',	'0',	'',	'2024-07-22 13:50:20',	NULL,	NULL),
(1544,	'MUHAMMAD DZAKI PRATAMA',	2,	'2B',	'0',	'',	'2024-07-22 13:50:20',	NULL,	NULL),
(1545,	'MUHAMMAD ILYAS',	2,	'2B',	'0',	'',	'2024-07-22 13:50:20',	NULL,	NULL),
(1546,	'MUHAMMAD RAIHAN AMIRULHAQ',	2,	'2B',	'0',	'',	'2024-07-22 13:50:20',	NULL,	NULL),
(1547,	'MUHAMMAD SALMAN HANIEF',	2,	'2B',	'0',	'',	'2024-07-22 13:50:20',	NULL,	NULL),
(1548,	'NAFAREL FAHAD HIDAYAT',	2,	'2B',	'0',	'',	'2024-07-22 13:50:20',	NULL,	NULL),
(1549,	'NAZZA ABBY RAYYAN',	2,	'2B',	'0',	'',	'2024-07-22 13:50:20',	NULL,	NULL),
(1550,	'NIZAM SURYA PRATAMA PUTRA',	2,	'2B',	'0',	'',	'2024-07-22 13:50:20',	NULL,	NULL),
(1551,	'RADIPTA ADNAN ARKARIZKY',	2,	'2B',	'0',	'',	'2024-07-22 13:50:20',	NULL,	NULL),
(1552,	'RAFFAEL VALIAN TUGHRIL',	2,	'2B',	'0',	'',	'2024-07-22 13:50:20',	NULL,	NULL),
(1553,	'RANGGA AL MIQDAD',	2,	'2B',	'0',	'',	'2024-07-22 13:50:20',	NULL,	NULL),
(1554,	'SAFY AL ARKAN',	2,	'2B',	'0',	'',	'2024-07-22 13:50:20',	NULL,	NULL),
(1555,	'WIJDAN JAVIER IBRA',	2,	'2B',	'0',	'',	'2024-07-22 13:50:20',	NULL,	NULL),
(1556,	'AHMAD ZIDAN ABIDIL GHOFFAR',	2,	'2C',	'0',	'',	'2024-07-22 13:50:20',	NULL,	NULL),
(1557,	'ALIF YUSUF ABDULRRAHMAN',	2,	'2C',	'0',	'',	'2024-07-22 13:50:20',	NULL,	NULL),
(1558,	'AQILA NAJAIR ABDILLAH',	2,	'2C',	'0',	'',	'2024-07-22 13:50:20',	NULL,	NULL),
(1559,	'AZIZ ABDULLOH',	2,	'2C',	'0',	'',	'2024-07-22 13:50:20',	NULL,	NULL),
(1560,	'AZKA OKTORA GUNAWAN',	2,	'2C',	'0',	'',	'2024-07-22 13:50:20',	NULL,	NULL),
(1561,	'AZZAM ALI ROKHMAN',	2,	'2C',	'0',	'',	'2024-07-22 13:50:20',	NULL,	NULL),
(1562,	'FARHAN KHALIQ VIKTYANO',	2,	'2C',	'0',	'',	'2024-07-22 13:50:20',	NULL,	NULL),
(1563,	'FAUZAN DZIKRI ALFAROBBI',	2,	'2C',	'0',	'',	'2024-07-22 13:50:20',	NULL,	NULL),
(1564,	'GAMAL ZAKKY MAULANA',	2,	'2C',	'0',	'',	'2024-07-22 13:50:20',	NULL,	NULL),
(1565,	'GHANIYYU ALHUZAKHA',	2,	'2C',	'0',	'',	'2024-07-22 13:50:20',	NULL,	NULL),
(1566,	'IMAM ALI FATHIN RASYID MUQDA',	2,	'2C',	'0',	'',	'2024-07-22 13:50:20',	NULL,	NULL),
(1567,	'IZZA ABYUDAYA WILLIANSYAH',	2,	'2C',	'0',	'',	'2024-07-22 13:50:20',	NULL,	NULL),
(1568,	'MUCHLIS ABDUL HAKIM',	2,	'2C',	'0',	'',	'2024-07-22 13:50:20',	NULL,	NULL),
(1569,	'MUHAMAD IRSYA AL GHIFARI',	2,	'2C',	'0',	'',	'2024-07-22 13:50:20',	NULL,	NULL),
(1570,	'MUHAMMAD ARFA ABDILLAH',	2,	'2C',	'0',	'',	'2024-07-22 13:50:20',	NULL,	NULL),
(1571,	'MUHAMMAD FAHZA DINAR A. N',	2,	'2C',	'0',	'',	'2024-07-22 13:50:20',	NULL,	NULL),
(1572,	'MUHAMMAD HAFIDZ ANSHARI',	2,	'2C',	'0',	'',	'2024-07-22 13:50:20',	NULL,	NULL),
(1573,	'MUHAMMAD HASBI ASSHIDDIQI',	2,	'2C',	'0',	'',	'2024-07-22 13:50:20',	NULL,	NULL),
(1574,	'RADITYA DWI KURNIAWAN',	2,	'2C',	'0',	'',	'2024-07-22 13:50:20',	NULL,	NULL),
(1575,	'RANGGA MUHAMMAD ALAKBAR',	2,	'2C',	'0',	'',	'2024-07-22 13:50:20',	NULL,	NULL),
(1576,	'RICHART FIRMAN PRANATA',	2,	'2C',	'0',	'',	'2024-07-22 13:50:20',	NULL,	NULL),
(1577,	'TSAQIB FALAK ARUZIKI',	2,	'2C',	'0',	'',	'2024-07-22 13:50:20',	NULL,	NULL),
(1578,	'VEGA ARDHIYANSYAH PUTRA',	2,	'2C',	'0',	'',	'2024-07-22 13:50:20',	NULL,	NULL),
(1579,	'WALDAN FA\'IQ FARAS',	2,	'2C',	'0',	'',	'2024-07-22 13:50:20',	NULL,	NULL),
(1580,	'YARDAN ATHARAUF RAFFASYA',	2,	'2C',	'0',	'',	'2024-07-22 13:50:20',	NULL,	NULL),
(1581,	'YONGQI NADIR ABIKA',	2,	'2C',	'0',	'',	'2024-07-22 13:50:20',	NULL,	NULL),
(1582,	'ZAHWAN KARUNIA RAMADHAN',	2,	'2C',	'0',	'',	'2024-07-22 13:50:20',	NULL,	NULL),
(1583,	'ZAMMIL EHSAN HANTOTO',	2,	'2C',	'0',	'',	'2024-07-22 13:50:20',	NULL,	NULL),
(1584,	'ZHAFRAN AIZAT ABQORY',	2,	'2C',	'0',	'',	'2024-07-22 13:50:20',	NULL,	NULL),
(1585,	'ZHAFRAN FIKRIY',	2,	'2C',	'0',	'',	'2024-07-22 13:50:20',	NULL,	NULL),
(1586,	'AHMAD AFGHANI',	3,	'3A',	'0',	'',	'2024-07-22 13:50:20',	NULL,	NULL),
(1587,	'AHMAD ANDIKA',	3,	'3A',	'0',	'',	'2024-07-22 13:50:20',	NULL,	NULL),
(1588,	'AHMAD DZAKIYUL FIKRI AL GHIFFARI',	3,	'3A',	'0',	'',	'2024-07-22 13:50:20',	NULL,	NULL),
(1589,	'AHNAF AZKA JAWAHIR',	3,	'3A',	'0',	'',	'2024-07-22 13:50:20',	NULL,	NULL),
(1590,	'AJI WIBAWA',	3,	'3A',	'0',	'',	'2024-07-22 13:50:20',	NULL,	NULL),
(1591,	'AMNA MAULIDA',	3,	'3A',	'0',	'',	'2024-07-22 13:50:20',	NULL,	NULL),
(1592,	'AMRU FIL ARDHI',	3,	'3A',	'0',	'',	'2024-07-22 13:50:20',	NULL,	NULL),
(1593,	'ASTRA REY ADYATMA',	3,	'3A',	'0',	'',	'2024-07-22 13:50:20',	NULL,	NULL),
(1594,	'DAFFA ALIM ARDIANTO',	3,	'3A',	'0',	'',	'2024-07-22 13:50:20',	NULL,	NULL),
(1595,	'DIMAS RIZQY AFIF',	3,	'3A',	'0',	'',	'2024-07-22 13:50:20',	NULL,	NULL),
(1596,	'ELPER MAULANA HAMZAH',	3,	'3A',	'0',	'',	'2024-07-22 13:50:20',	NULL,	NULL),
(1597,	'FATIKH ADLAN ATMOKO',	3,	'3A',	'0',	'',	'2024-07-22 13:50:20',	NULL,	NULL),
(1598,	'GATRA RAHADATUL AISY',	3,	'3A',	'0',	'',	'2024-07-22 13:50:20',	NULL,	NULL),
(1599,	'HAFID ARROFIQI',	3,	'3A',	'0',	'',	'2024-07-22 13:50:20',	NULL,	NULL),
(1600,	'HAFIZH GHAISAN PRADITYA',	3,	'3A',	'0',	'',	'2024-07-22 13:50:20',	NULL,	NULL),
(1601,	'JUNDAN NUR FAUZAN',	3,	'3A',	'0',	'',	'2024-07-22 13:50:20',	NULL,	NULL),
(1602,	'KHADAFI NUR MALIKI',	3,	'3A',	'0',	'',	'2024-07-22 13:50:20',	NULL,	NULL),
(1603,	'LUTHFIRRAHMAN AL-AUZA\'I',	3,	'3A',	'0',	'',	'2024-07-22 13:50:20',	NULL,	NULL),
(1604,	'M. ADIB SYAUQILLAH',	3,	'3A',	'0',	'',	'2024-07-22 13:50:20',	NULL,	NULL),
(1605,	'M. GHIYATS FADLULLAH',	3,	'3A',	'0',	'',	'2024-07-22 13:50:20',	NULL,	NULL),
(1606,	'MIKAIL SIDQI ASSALAFI',	3,	'3A',	'0',	'',	'2024-07-22 13:50:20',	NULL,	NULL),
(1607,	'MUHAMMAD ATAULLAH FATIH H',	3,	'3A',	'0',	'',	'2024-07-22 13:50:20',	NULL,	NULL),
(1608,	'MUHAMMAD FACHRI PRATAMA',	3,	'3A',	'0',	'',	'2024-07-22 13:50:20',	NULL,	NULL),
(1609,	'NABIHAN AQLAN HAKIM',	3,	'3A',	'0',	'',	'2024-07-22 13:50:20',	NULL,	NULL),
(1610,	'NAEEM BASAYEV HIDAYAT PUTRA',	3,	'3A',	'0',	'',	'2024-07-22 13:50:20',	NULL,	NULL),
(1611,	'RAFFA RAHMAN HAFIZH',	3,	'3A',	'0',	'',	'2024-07-22 13:50:20',	NULL,	NULL),
(1612,	'RESTU KUKUH PRAWIRA IMANSYAH',	3,	'3A',	'0',	'',	'2024-07-22 13:50:20',	NULL,	NULL),
(1613,	'SATRIO',	3,	'3A',	'0',	'',	'2024-07-22 13:50:20',	NULL,	NULL),
(1614,	'WHISNU DAMAR WICAKSONO',	3,	'3A',	'0',	'',	'2024-07-22 13:50:20',	NULL,	NULL),
(1615,	'AHMAD ULIN NUHA',	3,	'3B',	'0',	'',	'2024-07-22 13:50:20',	NULL,	NULL),
(1616,	'AKBAR RAMADHAN AL FADHILLAH',	3,	'3B',	'0',	'',	'2024-07-22 13:50:20',	NULL,	NULL),
(1617,	'ALFIAN HAFIZH IHSANI',	3,	'3B',	'0',	'',	'2024-07-22 13:50:20',	NULL,	NULL),
(1618,	'ALIF FARRAS NUR W.',	3,	'3B',	'0',	'',	'2024-07-22 13:50:20',	NULL,	NULL),
(1619,	'ANDHIKA HANIF MAULA',	3,	'3B',	'0',	'',	'2024-07-22 13:50:20',	NULL,	NULL),
(1620,	'ARYA NUSANTARA PUTRA SUBAGIYA',	3,	'3B',	'0',	'',	'2024-07-22 13:50:20',	NULL,	NULL),
(1621,	'AZKA ALFIANTO',	3,	'3B',	'0',	'',	'2024-07-22 13:50:20',	NULL,	NULL),
(1622,	'BAIS ALFI KURNIAWAN',	3,	'3B',	'0',	'',	'2024-07-22 13:50:20',	NULL,	NULL),
(1623,	'BERRYL NAYAKA ABQARY GATHO',	3,	'3B',	'0',	'',	'2024-07-22 13:50:20',	NULL,	NULL),
(1624,	'BYANTARA KEANDRA SETIYAWAN',	3,	'3B',	'0',	'',	'2024-07-22 13:50:20',	NULL,	NULL),
(1625,	'CUCU PRATAMA SAKTI',	3,	'3B',	'0',	'',	'2024-07-22 13:50:20',	NULL,	NULL),
(1626,	'DANANG DIAZ WIJAYANTO',	3,	'3B',	'0',	'',	'2024-07-22 13:50:20',	NULL,	NULL),
(1627,	'DAVIN RIZQI PRADANA',	3,	'3B',	'0',	'',	'2024-07-22 13:50:20',	NULL,	NULL),
(1628,	'FADHIL IZYAN NOVIANTAMA',	3,	'3B',	'0',	'',	'2024-07-22 13:50:20',	NULL,	NULL),
(1629,	'FAIZ MAYDIKA RAFI ADAM',	3,	'3B',	'0',	'',	'2024-07-22 13:50:20',	NULL,	NULL),
(1630,	'FAKHRI AMRULLAH',	3,	'3B',	'0',	'',	'2024-07-22 13:50:20',	NULL,	NULL),
(1631,	'GHALY ARKAN NADHIF',	3,	'3B',	'0',	'',	'2024-07-22 13:50:20',	NULL,	NULL),
(1632,	'HAFIDZ MIRZA KHOIRUL AZAM',	3,	'3B',	'0',	'',	'2024-07-22 13:50:20',	NULL,	NULL),
(1633,	'MIZAN RAFAEL KURNAIN',	3,	'3B',	'0',	'',	'2024-07-22 13:50:20',	NULL,	NULL),
(1634,	'MUHAMMAD \'AZZAAM',	3,	'3B',	'0',	'',	'2024-07-22 13:50:20',	NULL,	NULL),
(1635,	'MUHAMMAD RAIS MUKHTAR',	3,	'3B',	'0',	'',	'2024-07-22 13:50:20',	NULL,	NULL),
(1636,	'NUHA NUFAIL FAIQ',	3,	'3B',	'0',	'',	'2024-07-22 13:50:20',	NULL,	NULL),
(1637,	'OKTOVANO FRIDAY GASTRA',	3,	'3B',	'0',	'',	'2024-07-22 13:50:20',	NULL,	NULL),
(1638,	'RAFLI ARIYA FEBRIAN',	3,	'3B',	'0',	'',	'2024-07-22 13:50:20',	NULL,	NULL),
(1639,	'RAIHAN AMIL MUKTABAR',	3,	'3B',	'0',	'',	'2024-07-22 13:50:20',	NULL,	NULL),
(1640,	'RANU ANINDYA NABIL SURYA',	3,	'3B',	'0',	'',	'2024-07-22 13:50:20',	NULL,	NULL),
(1641,	'SULTHAN FADHIL ASYJA',	3,	'3B',	'0',	'',	'2024-07-22 13:50:20',	NULL,	NULL),
(1642,	'SYAUQII ALANA GERHANA',	3,	'3B',	'0',	'',	'2024-07-22 13:50:20',	NULL,	NULL),
(1643,	'ZAHIDANA FAHMAN',	3,	'3B',	'0',	'',	'2024-07-22 13:50:20',	NULL,	NULL),
(1644,	'ABDULLAH ZULFIDAR AKAHA',	3,	'3C',	'0',	'',	'2024-07-22 13:50:20',	NULL,	NULL),
(1645,	'ADAM DANISH DZUL AUTAD',	3,	'3C',	'0',	'',	'2024-07-22 13:50:20',	NULL,	NULL),
(1646,	'ADAM HIKMAH ILHAM',	3,	'3C',	'0',	'',	'2024-07-22 13:50:20',	NULL,	NULL),
(1647,	'ALFIAN FADHLI SYUHADA',	3,	'3C',	'0',	'',	'2024-07-22 13:50:20',	NULL,	NULL),
(1648,	'AZRUL FAWAZ AL GHOZANI',	3,	'3C',	'0',	'',	'2024-07-22 13:50:20',	NULL,	NULL),
(1649,	'BILYAN SYAFRIZAL ALHAQ',	3,	'3C',	'0',	'',	'2024-07-22 13:50:20',	NULL,	NULL),
(1650,	'EGAR DAVID PRATAMA',	3,	'3C',	'0',	'',	'2024-07-22 13:50:20',	NULL,	NULL),
(1651,	'ERLAND ZAVIER AL-ASYAFI',	3,	'3C',	'0',	'',	'2024-07-22 13:50:20',	NULL,	NULL),
(1652,	'FADILLAH ALFAD RAMADHAN',	3,	'3C',	'0',	'',	'2024-07-22 13:50:20',	NULL,	NULL),
(1653,	'FADIYAN EGY PRADIPTA',	3,	'3C',	'0',	'',	'2024-07-22 13:50:20',	NULL,	NULL),
(1654,	'FEBRI KHAERONI',	3,	'3C',	'0',	'',	'2024-07-22 13:50:20',	NULL,	NULL),
(1655,	'FERDIAN ALFA AFGANI',	3,	'3C',	'0',	'',	'2024-07-22 13:50:20',	NULL,	NULL),
(1656,	'GALIH PIJAR MAHARDIKA',	3,	'3C',	'0',	'',	'2024-07-22 13:50:20',	NULL,	NULL),
(1657,	'GHISAN RAMDAN PANGGIH H.',	3,	'3C',	'0',	'',	'2024-07-22 13:50:20',	NULL,	NULL),
(1658,	'INDRIANTO HERI IRAWAN',	3,	'3C',	'0',	'',	'2024-07-22 13:50:20',	NULL,	NULL),
(1659,	'IZZAN AULIA ALFATH',	3,	'3C',	'0',	'',	'2024-07-22 13:50:20',	NULL,	NULL),
(1660,	'KHAERUDIN',	3,	'3C',	'0',	'',	'2024-07-22 13:50:20',	NULL,	NULL),
(1661,	'MUHAMMAD MAHINDRA KUSUMA',	3,	'3C',	'0',	'',	'2024-07-22 13:50:20',	NULL,	NULL),
(1662,	'MUHAMMAD RAFI\' NUR RA\'UF',	3,	'3C',	'0',	'',	'2024-07-22 13:50:20',	NULL,	NULL),
(1663,	'MUHAMMAD ZHAFRAN ABDILLAH',	3,	'3C',	'0',	'',	'2024-07-22 13:50:20',	NULL,	NULL),
(1664,	'NABHAN ADLAN HAKIM',	3,	'3C',	'0',	'',	'2024-07-22 13:50:20',	NULL,	NULL),
(1665,	'NAUFAL NATARHO SIGIT',	3,	'3C',	'0',	'',	'2024-07-22 13:50:20',	NULL,	NULL),
(1666,	'NUR ROHMAN',	3,	'3C',	'0',	'',	'2024-07-22 13:50:20',	NULL,	NULL),
(1667,	'RADITIYA ARGA FAHRIZAL',	3,	'3C',	'0',	'',	'2024-07-22 13:50:20',	NULL,	NULL),
(1668,	'RAFIUDDIN AL-AHZA',	3,	'3C',	'0',	'',	'2024-07-22 13:50:20',	NULL,	NULL),
(1669,	'RENDY FIRMANSYAH',	3,	'3C',	'0',	'',	'2024-07-22 13:50:20',	NULL,	NULL),
(1670,	'UBAY SYAEDA DAMA UDAYANA',	3,	'3C',	'0',	'',	'2024-07-22 13:50:20',	NULL,	NULL),
(1671,	'VALENCIA FIRZAN RIHANA',	3,	'3C',	'0',	'',	'2024-07-22 13:50:20',	NULL,	NULL),
(1672,	'YUSUF IMAM HUTOMO',	3,	'3C',	'0',	'',	'2024-07-22 13:50:20',	NULL,	NULL),
(1673,	'ABDAN ZAID AL-GHIFARI',	3,	'3D',	'0',	'',	'2024-07-22 13:50:20',	NULL,	NULL),
(1674,	'AIRLANGGA MAHESA CETTA',	3,	'3D',	'0',	'',	'2024-07-22 13:50:20',	NULL,	NULL),
(1675,	'ALFIAN DWI PERMANA',	3,	'3D',	'0',	'',	'2024-07-22 13:50:20',	NULL,	NULL),
(1676,	'ALFIAN RESTU SETIADI',	3,	'3D',	'0',	'',	'2024-07-22 13:50:20',	NULL,	NULL),
(1677,	'ALIF HILMAN PRATAMA',	3,	'3D',	'0',	'',	'2024-07-22 13:50:20',	NULL,	NULL),
(1678,	'ALVINO MUJAB SAPUTRA',	3,	'3D',	'0',	'',	'2024-07-22 13:50:20',	NULL,	NULL),
(1679,	'AZZAM DZULFIQAR KRISTIYADI',	3,	'3D',	'0',	'',	'2024-07-22 13:50:20',	NULL,	NULL),
(1680,	'DANANG ADIL RAMADHAN',	3,	'3D',	'0',	'',	'2024-07-22 13:50:20',	NULL,	NULL),
(1681,	'DAVA ILHAM PRATAMA',	3,	'3D',	'0',	'',	'2024-07-22 13:50:20',	NULL,	NULL),
(1682,	'FADIL ABRAR HAFIZI',	3,	'3D',	'0',	'',	'2024-07-22 13:50:20',	NULL,	NULL),
(1683,	'FAJRUL FALAKH',	3,	'3D',	'0',	'',	'2024-07-22 13:50:20',	NULL,	NULL),
(1684,	'FAREL SYAHREZA NAVIANDRA',	3,	'3D',	'0',	'',	'2024-07-22 13:50:20',	NULL,	NULL),
(1685,	'FARHAN ABDULLAH',	3,	'3D',	'0',	'',	'2024-07-22 13:50:20',	NULL,	NULL),
(1686,	'FARIZAL EREKO RAMADHAN',	3,	'3D',	'0',	'',	'2024-07-22 13:50:20',	NULL,	NULL),
(1687,	'FATHAN RAEDHI KAMAL',	3,	'3D',	'0',	'',	'2024-07-22 13:50:20',	NULL,	NULL),
(1688,	'HAFIZ SURYA DHARMA',	3,	'3D',	'0',	'',	'2024-07-22 13:50:20',	NULL,	NULL),
(1689,	'HELGA PRADANA PUTRA SUHENDHA',	3,	'3D',	'0',	'',	'2024-07-22 13:50:20',	NULL,	NULL),
(1690,	'ISTIGHFARKHAN DWI BAKTI',	3,	'3D',	'0',	'',	'2024-07-22 13:50:20',	NULL,	NULL),
(1691,	'MUHAMMAD FADLI HASAN',	3,	'3D',	'0',	'',	'2024-07-22 13:50:20',	NULL,	NULL),
(1692,	'MUHAMMAD FADZLURROZAQ',	3,	'3D',	'0',	'',	'2024-07-22 13:50:20',	NULL,	NULL),
(1693,	'MUHAMMAD GHALIB AL BARA',	3,	'3D',	'0',	'',	'2024-07-22 13:50:20',	NULL,	NULL),
(1694,	'MUHAMMAD IRFAN MAULANA',	3,	'3D',	'0',	'',	'2024-07-22 13:50:20',	NULL,	NULL),
(1695,	'PASYA FERNANDA',	3,	'3D',	'0',	'',	'2024-07-22 13:50:20',	NULL,	NULL),
(1696,	'RAFA ZAIRULLAH IHSAN',	3,	'3D',	'0',	'',	'2024-07-22 13:50:20',	NULL,	NULL),
(1697,	'REFFANO ZHAFRAN PRASETYA',	3,	'3D',	'0',	'',	'2024-07-22 13:50:20',	NULL,	NULL),
(1698,	'REVINO RIZKY ANDRIAN',	3,	'3D',	'0',	'',	'2024-07-22 13:50:20',	NULL,	NULL),
(1699,	'SLAMET ANGGA RIYADI',	3,	'3D',	'0',	'',	'2024-07-22 13:50:20',	NULL,	NULL),
(1700,	'VIKKI AGENG PRAYOGO',	3,	'3D',	'0',	'',	'2024-07-22 13:50:20',	NULL,	NULL),
(1701,	'ZULKARNAEN SURYA SAPUTRA',	3,	'3D',	'0',	'',	'2024-07-22 13:50:20',	NULL,	NULL),
(1702,	'ADAM FATHIN HAMMAM',	5,	'5A',	'0',	'',	'2024-07-22 13:50:20',	NULL,	NULL),
(1703,	'AFIF AMIRUDIN',	5,	'5A',	'0',	'',	'2024-07-22 13:50:20',	NULL,	NULL),
(1704,	'AHMAD IBRAHIM',	5,	'5A',	'0',	'',	'2024-07-22 13:50:20',	NULL,	NULL),
(1705,	'APATYA AKSATRIA ABIWARA NUGRAHA',	5,	'5A',	'0',	'',	'2024-07-22 13:50:20',	NULL,	NULL),
(1706,	'ARYO DWI SYAIFULLAH',	5,	'5A',	'0',	'',	'2024-07-22 13:50:20',	NULL,	NULL),
(1707,	'AZZIM ARROUF',	5,	'5A',	'0',	'',	'2024-07-22 13:50:20',	NULL,	NULL),
(1708,	'DANANG ZUFAR AL FARUQ',	5,	'5A',	'0',	'',	'2024-07-22 13:50:20',	NULL,	NULL),
(1709,	'DIAZ WAHYU PRASETYA',	5,	'5A',	'0',	'',	'2024-07-22 13:50:20',	NULL,	NULL),
(1710,	'FAIZ FATHURROHIM AKBAR RIZKY',	5,	'5A',	'0',	'',	'2024-07-22 13:50:20',	NULL,	NULL),
(1711,	'HAVIS BAIHAQI',	5,	'5A',	'0',	'',	'2024-07-22 13:50:20',	NULL,	NULL),
(1712,	'HIERDHA AMAR',	5,	'5A',	'0',	'',	'2024-07-22 13:50:20',	NULL,	NULL),
(1713,	'INSAN SYADID',	5,	'5A',	'0',	'',	'2024-07-22 13:50:20',	NULL,	NULL),
(1714,	'MUHAMMAD RAJA ALTHAF',	5,	'5A',	'0',	'',	'2024-07-22 13:50:20',	NULL,	NULL),
(1715,	'MUHAMMAD RIFQI ANDRIAN',	5,	'5A',	'0',	'',	'2024-07-22 13:50:20',	NULL,	NULL),
(1716,	'MUHAMAD HILMI FARID RAIHAN',	5,	'5A',	'0',	'',	'2024-07-22 13:50:20',	NULL,	NULL),
(1717,	'MUHAMMAD ABID ALHAMMAM',	5,	'5A',	'0',	'',	'2024-07-22 13:50:20',	NULL,	NULL),
(1718,	'MUHAMMAD ADHAM FAATIH',	5,	'5A',	'0',	'',	'2024-07-22 13:50:20',	NULL,	NULL),
(1719,	'MUHAMMAD AFFAN AL \'AFAASI',	5,	'5A',	'0',	'',	'2024-07-22 13:50:20',	NULL,	NULL),
(1720,	'MUHAMMAD ALFATH DESFIAN',	5,	'5A',	'0',	'',	'2024-07-22 13:50:20',	NULL,	NULL),
(1721,	'MUHAMMAD ALFIN HANAFI',	5,	'5A',	'0',	'',	'2024-07-22 13:50:20',	NULL,	NULL),
(1722,	'MUHAMMAD FAKHRIL KHILMI',	5,	'5A',	'0',	'',	'2024-07-22 13:50:20',	NULL,	NULL),
(1723,	'MUHAMMAD IQBAL ALIF HAKIM KHOIRUDIN',	5,	'5A',	'0',	'',	'2024-07-22 13:50:20',	NULL,	NULL),
(1724,	'MUHAMMAD ROSYID RIDHO',	5,	'5A',	'0',	'',	'2024-07-22 13:50:20',	NULL,	NULL),
(1725,	'PUPUT SATRIYO UTOMO',	5,	'5A',	'0',	'',	'2024-07-22 13:50:20',	NULL,	NULL),
(1726,	'RADIN NAUFAL LUQMAN',	5,	'5A',	'0',	'',	'2024-07-22 13:50:20',	NULL,	NULL),
(1727,	'RAFA DZAKY LUTHFI AL FALAH',	5,	'5A',	'0',	'',	'2024-07-22 13:50:20',	NULL,	NULL),
(1728,	'REVAN ABIDZAR GIFARY',	5,	'5A',	'0',	'',	'2024-07-22 13:50:20',	NULL,	NULL),
(1729,	'SATRIA NAUFAL RAZAN',	5,	'5A',	'0',	'',	'2024-07-22 13:50:20',	NULL,	NULL),
(1730,	'SYARIFUL ADYAN',	5,	'5A',	'0',	'',	'2024-07-22 13:50:20',	NULL,	NULL),
(1731,	'AFFAN NAUFAL ZHARIF',	5,	'5B',	'0',	'',	'2024-07-22 13:50:20',	NULL,	NULL),
(1732,	'ALVIN MUBAROKAH',	5,	'5B',	'0',	'',	'2024-07-22 13:50:20',	NULL,	NULL),
(1733,	'ANDRE ADITIAR',	5,	'5B',	'0',	'',	'2024-07-22 13:50:20',	NULL,	NULL),
(1734,	'AZKA HAKAM',	5,	'5B',	'0',	'',	'2024-07-22 13:50:20',	NULL,	NULL),
(1735,	'AZZAM MUJADID SUTOMO',	5,	'5B',	'0',	'',	'2024-07-22 13:50:20',	NULL,	NULL),
(1736,	'BINTANG RAYA ADIWANGSA',	5,	'5B',	'0',	'',	'2024-07-22 13:50:20',	NULL,	NULL),
(1737,	'FADILL TRI SUCIPTO',	5,	'5B',	'0',	'',	'2024-07-22 13:50:20',	NULL,	NULL),
(1738,	'FIKRI ZAMZAMI',	5,	'5B',	'0',	'',	'2024-07-22 13:50:20',	NULL,	NULL),
(1739,	'MUHAMMAD DADE ARDIANSYAH',	5,	'5B',	'0',	'',	'2024-07-22 13:50:20',	NULL,	NULL),
(1740,	'MAHRUS\'ALARRASYID',	5,	'5B',	'0',	'',	'2024-07-22 13:50:20',	NULL,	NULL),
(1741,	'MUHAMAD RAIHAN ADRIANSYAH',	5,	'5B',	'0',	'',	'2024-07-22 13:50:20',	NULL,	NULL),
(1742,	'MUHAMMAD ASIF HABIBI',	5,	'5B',	'0',	'',	'2024-07-22 13:50:20',	NULL,	NULL),
(1743,	'MUHAMMAD DAFFA FIRDAUS',	5,	'5B',	'0',	'',	'2024-07-22 13:50:20',	NULL,	NULL),
(1744,	'MUHAMMAD FAIZ MUZAKI',	5,	'5B',	'0',	'',	'2024-07-22 13:50:20',	NULL,	NULL),
(1745,	'MUHAMMAD FAQIHUDIN ULWAN',	5,	'5B',	'0',	'',	'2024-07-22 13:50:20',	NULL,	NULL),
(1746,	'MUHAMMAD HELMY FIRMANSYAH',	5,	'5B',	'0',	'',	'2024-07-22 13:50:20',	NULL,	NULL),
(1747,	'MUHAMMAD NABIL GAZZA AULIA',	5,	'5B',	'0',	'',	'2024-07-22 13:50:20',	NULL,	NULL),
(1748,	'MUHAMMAD REZA ZAKIA',	5,	'5B',	'0',	'',	'2024-07-22 13:50:20',	NULL,	NULL),
(1749,	'MUHAMMAD SAFLI ASLIM',	5,	'5B',	'0',	'',	'2024-07-22 13:50:20',	NULL,	NULL),
(1750,	'NABIL ARAFI KINZA',	5,	'5B',	'0',	'',	'2024-07-22 13:50:20',	NULL,	NULL),
(1751,	'NAUFAL ABDUL NADZIF',	5,	'5B',	'0',	'',	'2024-07-22 13:50:20',	NULL,	NULL),
(1752,	'NAVIS AHMAD FIRDAUS',	5,	'5B',	'0',	'',	'2024-07-22 13:50:20',	NULL,	NULL),
(1753,	'RADITHYA YOGA PRATAMA',	5,	'5B',	'0',	'',	'2024-07-22 13:50:20',	NULL,	NULL),
(1754,	'RAFFI DWYATMA',	5,	'5B',	'0',	'',	'2024-07-22 13:50:20',	NULL,	NULL),
(1755,	'RAFFY ATHAILAH ZULKARNAIN',	5,	'5B',	'0',	'',	'2024-07-22 13:50:20',	NULL,	NULL),
(1756,	'RAHMAT MAULANA',	5,	'5B',	'0',	'',	'2024-07-22 13:50:20',	NULL,	NULL),
(1757,	'RAZIF ARDEVA IZZUL ISLAM',	5,	'5B',	'0',	'',	'2024-07-22 13:50:20',	NULL,	NULL),
(1758,	'RUSYDI BAIHAQI',	5,	'5B',	'0',	'',	'2024-07-22 13:50:20',	NULL,	NULL),
(1759,	'SHOFWAN MUHAMMAD',	5,	'5B',	'0',	'',	'2024-07-22 13:50:20',	NULL,	NULL),
(1760,	'BAGAS SURYA PRATAMA',	6,	'6A',	'0',	'',	'2024-07-22 13:50:20',	NULL,	NULL),
(1761,	'FENDI  ANDRES APRILINO',	6,	'6A',	'0',	'',	'2024-07-22 13:50:20',	NULL,	NULL),
(1762,	'M.FAUZAN RIZQY',	6,	'6A',	'0',	'',	'2024-07-22 13:50:20',	NULL,	NULL),
(1763,	'MUHAMMAD RIZAL HABIBI',	6,	'6A',	'0',	'',	'2024-07-22 13:50:20',	NULL,	NULL),
(1764,	'RANGGA SAPUTRA IRAWAN',	6,	'6A',	'0',	'',	'2024-07-22 13:50:20',	NULL,	NULL),
(1765,	'ADIB ABDILLAH FAQIH',	6,	'6B',	'0',	'',	'2024-07-22 13:50:20',	NULL,	NULL),
(1766,	'ADITYA PUGUH WIJAYADI',	6,	'6B',	'0',	'',	'2024-07-22 13:50:20',	NULL,	NULL),
(1767,	'ALAN PAMUNGKAS NUR MAHDI',	6,	'6B',	'0',	'',	'2024-07-22 13:50:20',	NULL,	NULL),
(1768,	'ALFAN NUR SAFIF',	6,	'6B',	'0',	'',	'2024-07-22 13:50:20',	NULL,	NULL),
(1769,	'ALIEF MUHYIYUDDIN',	6,	'6B',	'0',	'',	'2024-07-22 13:50:20',	NULL,	NULL),
(1770,	'FADHIL LUTHFI ARZAKI',	6,	'6B',	'0',	'',	'2024-07-22 13:50:20',	NULL,	NULL),
(1771,	'FALAH ADY NUGRAHA',	6,	'6B',	'0',	'',	'2024-07-22 13:50:20',	NULL,	NULL),
(1772,	'HAFIZH TAMAM HUSEIN',	6,	'6B',	'0',	'',	'2024-07-22 13:50:20',	NULL,	NULL),
(1773,	'HANIF RAMADHAN',	6,	'6B',	'0',	'',	'2024-07-22 13:50:20',	NULL,	NULL),
(1774,	'HERY SETYABUDY',	6,	'6B',	'0',	'',	'2024-07-22 13:50:20',	NULL,	NULL),
(1775,	'MOHAMAD AYUB LAREKENG',	6,	'6B',	'0',	'',	'2024-07-22 13:50:20',	NULL,	NULL),
(1776,	'MUHAMMAD ABYAN AMIN',	6,	'6B',	'0',	'',	'2024-07-22 13:50:20',	NULL,	NULL),
(1777,	'NAUFAL MAFAZA',	6,	'6B',	'0',	'',	'2024-07-22 13:50:20',	NULL,	NULL),
(1778,	'NUR ASHILA AZAMA ZAKKA',	6,	'6B',	'0',	'',	'2024-07-22 13:50:20',	NULL,	NULL),
(1779,	'ROZZIKIN J. MOHI',	6,	'6B',	'0',	'',	'2024-07-22 13:50:20',	NULL,	NULL),
(1780,	'SAKHI KAYANA NUGRAHA',	6,	'6B',	'0',	'',	'2024-07-22 13:50:20',	NULL,	NULL),
(1781,	'ZAKI \'ADL GHANI MAULANA',	6,	'6B',	'0',	'',	'2024-07-22 13:50:20',	NULL,	NULL),
(1782,	'IKHSAN NUR RASYID ULINNUHA',	6,	'6C',	'0',	'',	'2024-07-22 13:50:20',	NULL,	NULL),
(1783,	'LUCKY AHNAF MAULANA FADILLAH',	6,	'6C',	'0',	'',	'2024-07-22 13:50:20',	NULL,	NULL),
(1784,	'MUHAMMAD HABIB AL-CHAQIQI',	6,	'6C',	'0',	'',	'2024-07-22 13:50:20',	NULL,	NULL),
(1785,	'MUHAMMAD NAFI ALMUKAFFI',	6,	'6C',	'0',	'',	'2024-07-22 13:50:20',	NULL,	NULL),
(1786,	'MUHAMMAD ZAKA AZLAMUNNIDA',	6,	'6C',	'0',	'',	'2024-07-22 13:50:20',	NULL,	NULL),
(1787,	'ANUGRAH SYAHDAN DWI SAPUTRA.',	6,	'6C',	'0',	'',	'2024-07-22 13:50:20',	NULL,	NULL),
(1788,	'FATIR AL FANDRA',	6,	'6C',	'0',	'',	'2024-07-22 13:50:20',	NULL,	NULL),
(1789,	'SABQI DANISH KAMALUDDIN',	6,	'6C',	'0',	'',	'2024-07-22 13:50:20',	NULL,	NULL),
(1790,	'M. HABIBURRAHMAN IZZATUL ISLAM',	6,	'6C',	'0',	'',	'2024-07-22 13:50:20',	NULL,	NULL),
(1791,	'MUHAMMAD ZIDAN',	6,	'6C',	'0',	'',	'2024-07-22 13:50:20',	NULL,	NULL),
(1792,	'MUHAMMAD SALMAN AL FARIZI',	6,	'6C',	'0',	'',	'2024-07-22 13:50:20',	NULL,	NULL),
(1793,	'MUHAMAD HAIDAR RAIHAN CAHYA D.',	6,	'6C',	'0',	'',	'2024-07-22 13:50:20',	NULL,	NULL),
(1794,	'MUHAMMAD NAJAD AZZAM AZIDANI',	6,	'6C',	'0',	'',	'2024-07-22 13:50:20',	NULL,	NULL),
(1795,	'ZUDAN MAHDIYA ARDIANSYAH',	6,	'6C',	'0',	'',	'2024-07-22 13:50:20',	NULL,	NULL),
(1796,	'MUHAMAD SULTAN AKBARULLOH',	6,	'6C',	'0',	'',	'2024-07-22 13:50:20',	NULL,	NULL),
(1797,	'FAIZ HANAN ALMANSAH',	6,	'6C',	'0',	'',	'2024-07-22 13:50:20',	NULL,	NULL),
(1798,	'SALWA RISMA NURUL HUDA',	6,	'6C',	'0',	'',	'2024-07-22 13:50:20',	NULL,	NULL),
(1799,	'MUHAMMAD DZAKI IZZUDIN',	6,	'6C',	'0',	'',	'2024-07-22 13:50:20',	NULL,	NULL),
(1800,	'VIAM IRSANDY GUNAWAN',	6,	'6C',	'0',	'',	'2024-07-22 13:50:20',	NULL,	NULL),
(1801,	'MUHAMMAD FARKHAN FAUZAN',	6,	'6C',	'0',	'',	'2024-07-22 13:50:20',	NULL,	NULL),
(1802,	'MUHAMMAD FAKIH',	6,	'6C',	'0',	'',	'2024-07-22 13:50:21',	NULL,	NULL),
(1803,	'MUHAMMAD FARHAN ATTAMIMI',	6,	'6C',	'0',	'',	'2024-07-22 13:50:21',	NULL,	NULL),
(1804,	'WILDAN AJI FIRMANSYAH',	6,	'6C',	'0',	'',	'2024-07-22 13:50:21',	NULL,	NULL),
(1805,	'MUHAMMAD FARDAN YANUAR BAIHAQI',	6,	'6C',	'0',	'',	'2024-07-22 13:50:21',	NULL,	NULL),
(1806,	'MUHAMAD FATAH BAIHAQI',	6,	'6C',	'0',	'',	'2024-07-22 13:50:21',	NULL,	NULL),
(1807,	'MUHAMMAD ABYAN AYYASI',	6,	'6C',	'0',	'',	'2024-07-22 13:50:21',	NULL,	NULL),
(1808,	'FAREL AHMAD AL-FARIZI',	6,	'6C',	'0',	'',	'2024-07-22 13:50:21',	NULL,	NULL),
(1809,	'ABDILLAH SYIFA BAIHAQI',	6,	'6D',	'0',	'',	'2024-07-22 13:50:21',	NULL,	NULL),
(1810,	'MUHAMMAD AYYUB ABDULLAH',	6,	'6D',	'0',	'',	'2024-07-22 13:50:21',	NULL,	NULL),
(1811,	'USMAN YAQUB HIDAYAH',	6,	'6D',	'0',	'',	'2024-07-22 13:50:21',	NULL,	NULL),
(1812,	'MUHAMMAD ANTYA SAPUTRA',	6,	'6D',	'0',	'',	'2024-07-22 13:50:21',	NULL,	NULL),
(1813,	'MOHAMMAD BAGUS PRANOTO',	6,	'6D',	'0',	'',	'2024-07-22 13:50:21',	NULL,	NULL),
(1814,	'M RIZQI IZUDDIN FIRDAUS',	6,	'6D',	'0',	'',	'2024-07-22 13:50:21',	NULL,	NULL),
(1815,	'FIKHAR ASLAM CHOLINI',	6,	'6D',	'0',	'',	'2024-07-22 13:50:21',	NULL,	NULL),
(1816,	'ANDIKA JULIAN SAHPUTRA',	6,	'6D',	'0',	'',	'2024-07-22 13:50:21',	NULL,	NULL),
(1817,	'SHOFI MUBAROK',	6,	'6D',	'0',	'',	'2024-07-22 13:50:21',	NULL,	NULL),
(1818,	'MUHAMMAD TAUFIQUL AMRI',	6,	'6D',	'0',	'',	'2024-07-22 13:50:21',	NULL,	NULL),
(1819,	'WILDAN ARDHI FEBRIAN',	6,	'6D',	'0',	'',	'2024-07-22 13:50:21',	NULL,	NULL),
(1820,	'MUHAMMAD YAZID RIZIEQ',	6,	'6D',	'0',	'',	'2024-07-22 13:50:21',	NULL,	NULL),
(1821,	'FIQIH IHZA MAHAKI',	6,	'6D',	'0',	'',	'2024-07-22 13:50:21',	NULL,	NULL),
(1822,	'RASYID ATFHAL FARIZI',	6,	'6D',	'0',	'',	'2024-07-22 13:50:21',	NULL,	NULL),
(1823,	'AHMAD FAUZI SANTOSO',	6,	'6D',	'0',	'',	'2024-07-22 13:50:21',	NULL,	NULL),
(1824,	'MOCHAMMAD FAREL AZZIKRILLA',	6,	'6D',	'0',	'',	'2024-07-22 13:50:21',	NULL,	NULL),
(1825,	'FIKRY NUR IBADURRAHMAN',	6,	'6D',	'0',	'',	'2024-07-22 13:50:21',	NULL,	NULL),
(1826,	'ESYA AZKI ZAIN',	6,	'6D',	'0',	'',	'2024-07-22 13:50:21',	NULL,	NULL),
(1827,	'ARQOM ABDUL GHONI',	6,	'6D',	'0',	'',	'2024-07-22 13:50:21',	NULL,	NULL),
(1828,	'AZKA AL FATIHULHAQ',	6,	'6D',	'0',	'',	'2024-07-22 13:50:21',	NULL,	NULL),
(1829,	'MOCHAMMAD ZAKI SUBCHAN',	6,	'6D',	'0',	'',	'2024-07-22 13:50:21',	NULL,	NULL),
(1830,	'BAKHA ADDIEN SYAIROZI',	6,	'6D',	'0',	'',	'2024-07-22 13:50:21',	NULL,	NULL),
(1831,	'KAS KEAMANAN',	7,	'IST',	'0',	'',	'2024-07-22 13:50:21',	NULL,	NULL),
(1832,	'KAS KMI',	7,	'IST',	'0',	'',	'2024-07-22 13:50:21',	NULL,	NULL),
(1833,	'KAS OLAHRAGA',	7,	'IST',	'0',	'',	'2024-07-22 13:56:39',	NULL,	'0000-00-00 00:00:00'),
(1834,	'FAIRUZ TSAQIF',	3,	'3 C',	'0',	'',	'2024-08-03 03:00:35',	NULL,	'0000-00-00 00:00:00'),
(1835,	'KAS OSDA 2024 2025',	7,	'IST',	'0',	'',	'2024-08-05 04:38:23',	NULL,	'0000-00-00 00:00:00'),
(1836,	'KAS AL BARIQAH 5 KMI ALFIN HANAFI',	7,	'IST',	'0',	'',	'2024-08-10 14:26:38',	NULL,	'0000-00-00 00:00:00'),
(1837,	'KAS KOKAMTREN ',	7,	'IST',	'0',	'',	'2024-08-22 06:32:01',	NULL,	'0000-00-00 00:00:00'),
(1838,	'KAS PENGABDIAN 2024',	7,	'IST',	'0',	'',	'2024-09-12 04:06:28',	NULL,	'0000-00-00 00:00:00');

-- 2025-06-03 08:01:20
